group_id,problem_name,submission_id,username,language,identical_submissions_in_group
1,unknown,1390059531,unknown,unknown,3
1,unknown,1390054386,unknown,unknown,3
1,unknown,1390054309,unknown,unknown,3
2,unknown,1390059556,unknown,unknown,3
2,unknown,1390054551,unknown,unknown,3
2,unknown,1390054492,unknown,unknown,3
3,unknown,1390059287,unknown,unknown,2
3,unknown,1390059439,unknown,unknown,2
4,unknown,1390059469,unknown,unknown,3
4,unknown,1390055063,unknown,unknown,3
4,unknown,1390053992,unknown,unknown,3
5,unknown,1390057705,unknown,unknown,52
5,unknown,1390057031,unknown,unknown,52
5,unknown,1390056120,unknown,unknown,52
5,unknown,1390056078,unknown,unknown,52
5,unknown,1390055970,unknown,unknown,52
5,unknown,1390055967,unknown,unknown,52
5,unknown,1390055796,unknown,unknown,52
5,unknown,1390055765,unknown,unknown,52
5,unknown,1390055759,unknown,unknown,52
5,unknown,1390055453,unknown,unknown,52
5,unknown,1390055207,unknown,unknown,52
5,unknown,1390055155,unknown,unknown,52
5,unknown,1390055109,unknown,unknown,52
5,unknown,1390055097,unknown,unknown,52
5,unknown,1390055046,unknown,unknown,52
5,unknown,1390054982,unknown,unknown,52
5,unknown,1390054960,unknown,unknown,52
5,unknown,1390054952,unknown,unknown,52
5,unknown,1390054949,unknown,unknown,52
5,unknown,1390054936,unknown,unknown,52
5,unknown,1390054887,unknown,unknown,52
5,unknown,1390054846,unknown,unknown,52
5,unknown,1390054423,unknown,unknown,52
5,unknown,1390054286,unknown,unknown,52
5,unknown,1390054123,unknown,unknown,52
5,unknown,1390054042,unknown,unknown,52
5,unknown,1390054038,unknown,unknown,52
5,unknown,1390053937,unknown,unknown,52
5,unknown,1390053926,unknown,unknown,52
5,unknown,1390053882,unknown,unknown,52
5,unknown,1390053866,unknown,unknown,52
5,unknown,1390053825,unknown,unknown,52
5,unknown,1390053729,unknown,unknown,52
5,unknown,1390053719,unknown,unknown,52
5,unknown,1390053664,unknown,unknown,52
5,unknown,1390053566,unknown,unknown,52
5,unknown,1390053491,unknown,unknown,52
5,unknown,1390053379,unknown,unknown,52
5,unknown,1390053339,unknown,unknown,52
5,unknown,1390053318,unknown,unknown,52
5,unknown,1390053313,unknown,unknown,52
5,unknown,1390053308,unknown,unknown,52
5,unknown,1390053250,unknown,unknown,52
5,unknown,1390053237,unknown,unknown,52
5,unknown,1390053241,unknown,unknown,52
5,unknown,1390053227,unknown,unknown,52
5,unknown,1390053185,unknown,unknown,52
5,unknown,1390053178,unknown,unknown,52
5,unknown,1390053174,unknown,unknown,52
5,unknown,1390053166,unknown,unknown,52
5,unknown,1390053156,unknown,unknown,52
5,unknown,1390053107,unknown,unknown,52
6,unknown,1390057643,unknown,unknown,32
6,unknown,1390057102,unknown,unknown,32
6,unknown,1390056985,unknown,unknown,32
6,unknown,1390056162,unknown,unknown,32
6,unknown,1390056137,unknown,unknown,32
6,unknown,1390056094,unknown,unknown,32
6,unknown,1390056002,unknown,unknown,32
6,unknown,1390055563,unknown,unknown,32
6,unknown,1390055383,unknown,unknown,32
6,unknown,1390055355,unknown,unknown,32
6,unknown,1390055316,unknown,unknown,32
6,unknown,1390055280,unknown,unknown,32
6,unknown,1390055248,unknown,unknown,32
6,unknown,1390055174,unknown,unknown,32
6,unknown,1390054990,unknown,unknown,32
6,unknown,1390054903,unknown,unknown,32
6,unknown,1390054901,unknown,unknown,32
6,unknown,1390054892,unknown,unknown,32
6,unknown,1390054792,unknown,unknown,32
6,unknown,1390054681,unknown,unknown,32
6,unknown,1390054638,unknown,unknown,32
6,unknown,1390054452,unknown,unknown,32
6,unknown,1390054413,unknown,unknown,32
6,unknown,1390054100,unknown,unknown,32
6,unknown,1390054094,unknown,unknown,32
6,unknown,1390054080,unknown,unknown,32
6,unknown,1390054054,unknown,unknown,32
6,unknown,1390054051,unknown,unknown,32
6,unknown,1390054031,unknown,unknown,32
6,unknown,1390054005,unknown,unknown,32
6,unknown,1390053966,unknown,unknown,32
6,unknown,1390053965,unknown,unknown,32
7,unknown,1390057146,unknown,unknown,16
7,unknown,1390056039,unknown,unknown,16
7,unknown,1390055780,unknown,unknown,16
7,unknown,1390055369,unknown,unknown,16
7,unknown,1390055297,unknown,unknown,16
7,unknown,1390055199,unknown,unknown,16
7,unknown,1390054894,unknown,unknown,16
7,unknown,1390054891,unknown,unknown,16
7,unknown,1390054662,unknown,unknown,16
7,unknown,1390054463,unknown,unknown,16
7,unknown,1390053311,unknown,unknown,16
7,unknown,1390053280,unknown,unknown,16
7,unknown,1390053111,unknown,unknown,16
7,unknown,1390053102,unknown,unknown,16
7,unknown,1390053014,unknown,unknown,16
7,unknown,1390052919,unknown,unknown,16
8,unknown,1390057187,unknown,unknown,19
8,unknown,1390056935,unknown,unknown,19
8,unknown,1390056084,unknown,unknown,19
8,unknown,1390056069,unknown,unknown,19
8,unknown,1390055905,unknown,unknown,19
8,unknown,1390055843,unknown,unknown,19
8,unknown,1390055800,unknown,unknown,19
8,unknown,1390055278,unknown,unknown,19
8,unknown,1390055209,unknown,unknown,19
8,unknown,1390054942,unknown,unknown,19
8,unknown,1390054803,unknown,unknown,19
8,unknown,1390054702,unknown,unknown,19
8,unknown,1390054363,unknown,unknown,19
8,unknown,1390054186,unknown,unknown,19
8,unknown,1390054081,unknown,unknown,19
8,unknown,1390054020,unknown,unknown,19
8,unknown,1390053977,unknown,unknown,19
8,unknown,1390053777,unknown,unknown,19
8,unknown,1390053721,unknown,unknown,19
9,unknown,1390056984,unknown,unknown,9
9,unknown,1390055725,unknown,unknown,9
9,unknown,1390055413,unknown,unknown,9
9,unknown,1390055216,unknown,unknown,9
9,unknown,1390055149,unknown,unknown,9
9,unknown,1390054881,unknown,unknown,9
9,unknown,1390054432,unknown,unknown,9
9,unknown,1390053970,unknown,unknown,9
9,unknown,1390053860,unknown,unknown,9
10,unknown,1390056939,unknown,unknown,5
10,unknown,1390055857,unknown,unknown,5
10,unknown,1390054753,unknown,unknown,5
10,unknown,1390054710,unknown,unknown,5
10,unknown,1390052615,unknown,unknown,5
11,unknown,1390056661,unknown,unknown,4
11,unknown,1390056181,unknown,unknown,4
11,unknown,1390056134,unknown,unknown,4
11,unknown,1390056111,unknown,unknown,4
12,unknown,1390056851,unknown,unknown,3
12,unknown,1390055992,unknown,unknown,3
12,unknown,1390052233,unknown,unknown,3
13,unknown,1390056460,unknown,unknown,4
13,unknown,1390056255,unknown,unknown,4
13,unknown,1390056169,unknown,unknown,4
13,unknown,1390054611,unknown,unknown,4
14,unknown,1390056446,unknown,unknown,3
14,unknown,1390056335,unknown,unknown,3
14,unknown,1390056115,unknown,unknown,3
15,unknown,1390056300,unknown,unknown,8
15,unknown,1390055938,unknown,unknown,8
15,unknown,1390055701,unknown,unknown,8
15,unknown,1390055678,unknown,unknown,8
15,unknown,1390055596,unknown,unknown,8
15,unknown,1390055569,unknown,unknown,8
15,unknown,1390055329,unknown,unknown,8
15,unknown,1390054288,unknown,unknown,8
16,unknown,1390056254,unknown,unknown,9
16,unknown,1390055969,unknown,unknown,9
16,unknown,1390055926,unknown,unknown,9
16,unknown,1390055892,unknown,unknown,9
16,unknown,1390055669,unknown,unknown,9
16,unknown,1390055534,unknown,unknown,9
16,unknown,1390055374,unknown,unknown,9
16,unknown,1390055363,unknown,unknown,9
16,unknown,1390055340,unknown,unknown,9
17,unknown,1390056185,unknown,unknown,4
17,unknown,1390055661,unknown,unknown,4
17,unknown,1390054828,unknown,unknown,4
17,unknown,1390054798,unknown,unknown,4
18,unknown,1390056163,unknown,unknown,2
18,unknown,1390056061,unknown,unknown,2
19,unknown,1390056158,unknown,unknown,8
19,unknown,1390056103,unknown,unknown,8
19,unknown,1390056056,unknown,unknown,8
19,unknown,1390055964,unknown,unknown,8
19,unknown,1390055876,unknown,unknown,8
19,unknown,1390055760,unknown,unknown,8
19,unknown,1390055674,unknown,unknown,8
19,unknown,1390055373,unknown,unknown,8
20,unknown,1390056131,unknown,unknown,2
20,unknown,1390056048,unknown,unknown,2
21,unknown,1390056121,unknown,unknown,13
21,unknown,1390056040,unknown,unknown,13
21,unknown,1390055733,unknown,unknown,13
21,unknown,1390055641,unknown,unknown,13
21,unknown,1390055609,unknown,unknown,13
21,unknown,1390055573,unknown,unknown,13
21,unknown,1390055495,unknown,unknown,13
21,unknown,1390055198,unknown,unknown,13
21,unknown,1390055060,unknown,unknown,13
21,unknown,1390055042,unknown,unknown,13
21,unknown,1390054999,unknown,unknown,13
21,unknown,1390054897,unknown,unknown,13
21,unknown,1390054563,unknown,unknown,13
22,unknown,1390056095,unknown,unknown,27
22,unknown,1390056067,unknown,unknown,27
22,unknown,1390056017,unknown,unknown,27
22,unknown,1390055872,unknown,unknown,27
22,unknown,1390055870,unknown,unknown,27
22,unknown,1390055824,unknown,unknown,27
22,unknown,1390055801,unknown,unknown,27
22,unknown,1390055786,unknown,unknown,27
22,unknown,1390055774,unknown,unknown,27
22,unknown,1390055715,unknown,unknown,27
22,unknown,1390055667,unknown,unknown,27
22,unknown,1390055654,unknown,unknown,27
22,unknown,1390055656,unknown,unknown,27
22,unknown,1390055645,unknown,unknown,27
22,unknown,1390055635,unknown,unknown,27
22,unknown,1390055523,unknown,unknown,27
22,unknown,1390055440,unknown,unknown,27
22,unknown,1390055430,unknown,unknown,27
22,unknown,1390055416,unknown,unknown,27
22,unknown,1390055370,unknown,unknown,27
22,unknown,1390055361,unknown,unknown,27
22,unknown,1390055262,unknown,unknown,27
22,unknown,1390055181,unknown,unknown,27
22,unknown,1390055115,unknown,unknown,27
22,unknown,1390055094,unknown,unknown,27
22,unknown,1390055089,unknown,unknown,27
22,unknown,1390055000,unknown,unknown,27
23,unknown,1390056082,unknown,unknown,2
23,unknown,1390055995,unknown,unknown,2
24,unknown,1390056077,unknown,unknown,3
24,unknown,1390055626,unknown,unknown,3
24,unknown,1390055556,unknown,unknown,3
25,unknown,1390056050,unknown,unknown,3
25,unknown,1390055392,unknown,unknown,3
25,unknown,1390055319,unknown,unknown,3
26,unknown,1390056042,unknown,unknown,4
26,unknown,1390055916,unknown,unknown,4
26,unknown,1390055642,unknown,unknown,4
26,unknown,1390055204,unknown,unknown,4
27,unknown,1390056028,unknown,unknown,3
27,unknown,1390055021,unknown,unknown,3
27,unknown,1390054954,unknown,unknown,3
28,unknown,1390056012,unknown,unknown,8
28,unknown,1390055814,unknown,unknown,8
28,unknown,1390055358,unknown,unknown,8
28,unknown,1390054789,unknown,unknown,8
28,unknown,1390054783,unknown,unknown,8
28,unknown,1390054104,unknown,unknown,8
28,unknown,1390053668,unknown,unknown,8
28,unknown,1390053473,unknown,unknown,8
29,unknown,1390056016,unknown,unknown,2
29,unknown,1390055484,unknown,unknown,2
30,unknown,1390056003,unknown,unknown,15
30,unknown,1390055921,unknown,unknown,15
30,unknown,1390055294,unknown,unknown,15
30,unknown,1390055246,unknown,unknown,15
30,unknown,1390054326,unknown,unknown,15
30,unknown,1390053827,unknown,unknown,15
30,unknown,1390053759,unknown,unknown,15
30,unknown,1390053634,unknown,unknown,15
30,unknown,1390053547,unknown,unknown,15
30,unknown,1390053233,unknown,unknown,15
30,unknown,1390053086,unknown,unknown,15
30,unknown,1390052926,unknown,unknown,15
30,unknown,1390052838,unknown,unknown,15
30,unknown,1390052205,unknown,unknown,15
30,unknown,1390052056,unknown,unknown,15
31,unknown,1390055999,unknown,unknown,3
31,unknown,1390055219,unknown,unknown,3
31,unknown,1390055212,unknown,unknown,3
32,unknown,1390056000,unknown,unknown,2
32,unknown,1390055898,unknown,unknown,2
33,unknown,1390055979,unknown,unknown,2
33,unknown,1390055662,unknown,unknown,2
34,unknown,1390055976,unknown,unknown,7
34,unknown,1390055874,unknown,unknown,7
34,unknown,1390055612,unknown,unknown,7
34,unknown,1390055489,unknown,unknown,7
34,unknown,1390055425,unknown,unknown,7
34,unknown,1390055386,unknown,unknown,7
34,unknown,1390055299,unknown,unknown,7
35,unknown,1390055973,unknown,unknown,19
35,unknown,1390055354,unknown,unknown,19
35,unknown,1390055303,unknown,unknown,19
35,unknown,1390055205,unknown,unknown,19
35,unknown,1390054898,unknown,unknown,19
35,unknown,1390054807,unknown,unknown,19
35,unknown,1390054443,unknown,unknown,19
35,unknown,1390054427,unknown,unknown,19
35,unknown,1390054312,unknown,unknown,19
35,unknown,1390054276,unknown,unknown,19
35,unknown,1390053858,unknown,unknown,19
35,unknown,1390053824,unknown,unknown,19
35,unknown,1390053764,unknown,unknown,19
35,unknown,1390053691,unknown,unknown,19
35,unknown,1390053636,unknown,unknown,19
35,unknown,1390053431,unknown,unknown,19
35,unknown,1390053377,unknown,unknown,19
35,unknown,1390052976,unknown,unknown,19
35,unknown,1390052462,unknown,unknown,19
36,unknown,1390055972,unknown,unknown,27
36,unknown,1390055633,unknown,unknown,27
36,unknown,1390055552,unknown,unknown,27
36,unknown,1390055464,unknown,unknown,27
36,unknown,1390055459,unknown,unknown,27
36,unknown,1390055397,unknown,unknown,27
36,unknown,1390055269,unknown,unknown,27
36,unknown,1390054878,unknown,unknown,27
36,unknown,1390054872,unknown,unknown,27
36,unknown,1390054629,unknown,unknown,27
36,unknown,1390054340,unknown,unknown,27
36,unknown,1390053933,unknown,unknown,27
36,unknown,1390053908,unknown,unknown,27
36,unknown,1390053748,unknown,unknown,27
36,unknown,1390053699,unknown,unknown,27
36,unknown,1390053649,unknown,unknown,27
36,unknown,1390053641,unknown,unknown,27
36,unknown,1390053624,unknown,unknown,27
36,unknown,1390053152,unknown,unknown,27
36,unknown,1390053142,unknown,unknown,27
36,unknown,1390053137,unknown,unknown,27
36,unknown,1390053125,unknown,unknown,27
36,unknown,1390053108,unknown,unknown,27
36,unknown,1390053087,unknown,unknown,27
36,unknown,1390053050,unknown,unknown,27
36,unknown,1390053025,unknown,unknown,27
36,unknown,1390052685,unknown,unknown,27
37,unknown,1390055961,unknown,unknown,2
37,unknown,1390055927,unknown,unknown,2
38,unknown,1390055959,unknown,unknown,7
38,unknown,1390055693,unknown,unknown,7
38,unknown,1390055132,unknown,unknown,7
38,unknown,1390055087,unknown,unknown,7
38,unknown,1390054475,unknown,unknown,7
38,unknown,1390054394,unknown,unknown,7
38,unknown,1390052953,unknown,unknown,7
39,unknown,1390055935,unknown,unknown,5
39,unknown,1390055799,unknown,unknown,5
39,unknown,1390055589,unknown,unknown,5
39,unknown,1390055537,unknown,unknown,5
39,unknown,1390054335,unknown,unknown,5
40,unknown,1390055933,unknown,unknown,2
40,unknown,1390055845,unknown,unknown,2
41,unknown,1390055934,unknown,unknown,2
41,unknown,1390055064,unknown,unknown,2
42,unknown,1390055901,unknown,unknown,2
42,unknown,1390055630,unknown,unknown,2
43,unknown,1390055894,unknown,unknown,2
43,unknown,1390055258,unknown,unknown,2
44,unknown,1390055888,unknown,unknown,6
44,unknown,1390053762,unknown,unknown,6
44,unknown,1390053640,unknown,unknown,6
44,unknown,1390053560,unknown,unknown,6
44,unknown,1390053248,unknown,unknown,6
44,unknown,1390052871,unknown,unknown,6
45,unknown,1390055863,unknown,unknown,2
45,unknown,1390055830,unknown,unknown,2
46,unknown,1390055861,unknown,unknown,8
46,unknown,1390055130,unknown,unknown,8
46,unknown,1390054818,unknown,unknown,8
46,unknown,1390054182,unknown,unknown,8
46,unknown,1390054003,unknown,unknown,8
46,unknown,1390053852,unknown,unknown,8
46,unknown,1390053832,unknown,unknown,8
46,unknown,1390053766,unknown,unknown,8
47,unknown,1390055831,unknown,unknown,2
47,unknown,1390055648,unknown,unknown,2
48,unknown,1390055837,unknown,unknown,4
48,unknown,1390052927,unknown,unknown,4
48,unknown,1390052152,unknown,unknown,4
48,unknown,1390052084,unknown,unknown,4
49,unknown,1390055819,unknown,unknown,4
49,unknown,1390055535,unknown,unknown,4
49,unknown,1390055318,unknown,unknown,4
49,unknown,1390054424,unknown,unknown,4
50,unknown,1390055805,unknown,unknown,2
50,unknown,1390055643,unknown,unknown,2
51,unknown,1390055793,unknown,unknown,11
51,unknown,1390055644,unknown,unknown,11
51,unknown,1390055615,unknown,unknown,11
51,unknown,1390055549,unknown,unknown,11
51,unknown,1390055499,unknown,unknown,11
51,unknown,1390055446,unknown,unknown,11
51,unknown,1390055193,unknown,unknown,11
51,unknown,1390055156,unknown,unknown,11
51,unknown,1390055069,unknown,unknown,11
51,unknown,1390055012,unknown,unknown,11
51,unknown,1390054968,unknown,unknown,11
52,unknown,1390055730,unknown,unknown,2
52,unknown,1390055565,unknown,unknown,2
53,unknown,1390055711,unknown,unknown,3
53,unknown,1390054543,unknown,unknown,3
53,unknown,1390053925,unknown,unknown,3
54,unknown,1390055710,unknown,unknown,3
54,unknown,1390055083,unknown,unknown,3
54,unknown,1390054723,unknown,unknown,3
55,unknown,1390055697,unknown,unknown,3
55,unknown,1390055604,unknown,unknown,3
55,unknown,1390055394,unknown,unknown,3
56,unknown,1390055694,unknown,unknown,8
56,unknown,1390055235,unknown,unknown,8
56,unknown,1390053964,unknown,unknown,8
56,unknown,1390053794,unknown,unknown,8
56,unknown,1390053489,unknown,unknown,8
56,unknown,1390053457,unknown,unknown,8
56,unknown,1390053428,unknown,unknown,8
56,unknown,1390053140,unknown,unknown,8
57,unknown,1390055681,unknown,unknown,3
57,unknown,1390055044,unknown,unknown,3
57,unknown,1390054499,unknown,unknown,3
58,unknown,1390055683,unknown,unknown,2
58,unknown,1390055500,unknown,unknown,2
59,unknown,1390055639,unknown,unknown,13
59,unknown,1390054278,unknown,unknown,13
59,unknown,1390054127,unknown,unknown,13
59,unknown,1390054106,unknown,unknown,13
59,unknown,1390054087,unknown,unknown,13
59,unknown,1390053993,unknown,unknown,13
59,unknown,1390053941,unknown,unknown,13
59,unknown,1390053936,unknown,unknown,13
59,unknown,1390053889,unknown,unknown,13
59,unknown,1390053857,unknown,unknown,13
59,unknown,1390053739,unknown,unknown,13
59,unknown,1390053702,unknown,unknown,13
59,unknown,1390053593,unknown,unknown,13
60,unknown,1390055632,unknown,unknown,15
60,unknown,1390055570,unknown,unknown,15
60,unknown,1390055404,unknown,unknown,15
60,unknown,1390055322,unknown,unknown,15
60,unknown,1390055305,unknown,unknown,15
60,unknown,1390055208,unknown,unknown,15
60,unknown,1390055085,unknown,unknown,15
60,unknown,1390054805,unknown,unknown,15
60,unknown,1390054644,unknown,unknown,15
60,unknown,1390054572,unknown,unknown,15
60,unknown,1390054359,unknown,unknown,15
60,unknown,1390054317,unknown,unknown,15
60,unknown,1390054220,unknown,unknown,15
60,unknown,1390054217,unknown,unknown,15
60,unknown,1390054055,unknown,unknown,15
61,unknown,1390055627,unknown,unknown,2
61,unknown,1390055598,unknown,unknown,2
62,unknown,1390055617,unknown,unknown,3
62,unknown,1390055560,unknown,unknown,3
62,unknown,1390055517,unknown,unknown,3
63,unknown,1390055614,unknown,unknown,2
63,unknown,1390055508,unknown,unknown,2
64,unknown,1390055578,unknown,unknown,3
64,unknown,1390055455,unknown,unknown,3
64,unknown,1390055443,unknown,unknown,3
65,unknown,1390055574,unknown,unknown,3
65,unknown,1390055210,unknown,unknown,3
65,unknown,1390055047,unknown,unknown,3
66,unknown,1390055550,unknown,unknown,2
66,unknown,1390055450,unknown,unknown,2
67,unknown,1390055548,unknown,unknown,2
67,unknown,1390055421,unknown,unknown,2
68,unknown,1390055544,unknown,unknown,2
68,unknown,1390055389,unknown,unknown,2
69,unknown,1390055526,unknown,unknown,9
69,unknown,1390055201,unknown,unknown,9
69,unknown,1390054750,unknown,unknown,9
69,unknown,1390054277,unknown,unknown,9
69,unknown,1390054251,unknown,unknown,9
69,unknown,1390054210,unknown,unknown,9
69,unknown,1390054061,unknown,unknown,9
69,unknown,1390053947,unknown,unknown,9
69,unknown,1390053736,unknown,unknown,9
70,unknown,1390055449,unknown,unknown,2
70,unknown,1390055407,unknown,unknown,2
71,unknown,1390055415,unknown,unknown,2
71,unknown,1390055292,unknown,unknown,2
72,unknown,1390055405,unknown,unknown,3
72,unknown,1390055152,unknown,unknown,3
72,unknown,1390055061,unknown,unknown,3
73,unknown,1390055390,unknown,unknown,2
73,unknown,1390055362,unknown,unknown,2
74,unknown,1390055352,unknown,unknown,9
74,unknown,1390055223,unknown,unknown,9
74,unknown,1390055049,unknown,unknown,9
74,unknown,1390054963,unknown,unknown,9
74,unknown,1390054929,unknown,unknown,9
74,unknown,1390054921,unknown,unknown,9
74,unknown,1390054871,unknown,unknown,9
74,unknown,1390054646,unknown,unknown,9
74,unknown,1390054528,unknown,unknown,9
75,unknown,1390055336,unknown,unknown,2
75,unknown,1390054690,unknown,unknown,2
76,unknown,1390055313,unknown,unknown,3
76,unknown,1390055242,unknown,unknown,3
76,unknown,1390055176,unknown,unknown,3
77,unknown,1390055290,unknown,unknown,4
77,unknown,1390054616,unknown,unknown,4
77,unknown,1390054546,unknown,unknown,4
77,unknown,1390054471,unknown,unknown,4
78,unknown,1390055200,unknown,unknown,7
78,unknown,1390054923,unknown,unknown,7
78,unknown,1390054814,unknown,unknown,7
78,unknown,1390054696,unknown,unknown,7
78,unknown,1390054634,unknown,unknown,7
78,unknown,1390054591,unknown,unknown,7
78,unknown,1390054118,unknown,unknown,7
79,unknown,1390055195,unknown,unknown,2
79,unknown,1390054698,unknown,unknown,2
80,unknown,1390055187,unknown,unknown,2
80,unknown,1390055103,unknown,unknown,2
81,unknown,1390055169,unknown,unknown,5
81,unknown,1390055004,unknown,unknown,5
81,unknown,1390054380,unknown,unknown,5
81,unknown,1390054275,unknown,unknown,5
81,unknown,1390054214,unknown,unknown,5
82,unknown,1390055141,unknown,unknown,2
82,unknown,1390053867,unknown,unknown,2
83,unknown,1390055146,unknown,unknown,2
83,unknown,1390055010,unknown,unknown,2
84,unknown,1390055104,unknown,unknown,16
84,unknown,1390055032,unknown,unknown,16
84,unknown,1390054809,unknown,unknown,16
84,unknown,1390054281,unknown,unknown,16
84,unknown,1390053971,unknown,unknown,16
84,unknown,1390053880,unknown,unknown,16
84,unknown,1390053856,unknown,unknown,16
84,unknown,1390053846,unknown,unknown,16
84,unknown,1390053533,unknown,unknown,16
84,unknown,1390053095,unknown,unknown,16
84,unknown,1390053075,unknown,unknown,16
84,unknown,1390053071,unknown,unknown,16
84,unknown,1390053052,unknown,unknown,16
84,unknown,1390052965,unknown,unknown,16
84,unknown,1390052958,unknown,unknown,16
84,unknown,1390052762,unknown,unknown,16
85,unknown,1390055090,unknown,unknown,2
85,unknown,1390053091,unknown,unknown,2
86,unknown,1390055092,unknown,unknown,3
86,unknown,1390052978,unknown,unknown,3
86,unknown,1390052059,unknown,unknown,3
87,unknown,1390055078,unknown,unknown,4
87,unknown,1390054369,unknown,unknown,4
87,unknown,1390054341,unknown,unknown,4
87,unknown,1390053500,unknown,unknown,4
88,unknown,1390055040,unknown,unknown,3
88,unknown,1390054819,unknown,unknown,3
88,unknown,1390052862,unknown,unknown,3
89,unknown,1390055013,unknown,unknown,11
89,unknown,1390054874,unknown,unknown,11
89,unknown,1390054601,unknown,unknown,11
89,unknown,1390054599,unknown,unknown,11
89,unknown,1390054171,unknown,unknown,11
89,unknown,1390053997,unknown,unknown,11
89,unknown,1390053997,unknown,unknown,11
89,unknown,1390053806,unknown,unknown,11
89,unknown,1390053519,unknown,unknown,11
89,unknown,1390053083,unknown,unknown,11
89,unknown,1390052996,unknown,unknown,11
90,unknown,1390055017,unknown,unknown,2
90,unknown,1390054829,unknown,unknown,2
91,unknown,1390055011,unknown,unknown,2
91,unknown,1390054977,unknown,unknown,2
92,unknown,1390055007,unknown,unknown,4
92,unknown,1390054609,unknown,unknown,4
92,unknown,1390054350,unknown,unknown,4
92,unknown,1390053535,unknown,unknown,4
93,unknown,1390055002,unknown,unknown,9
93,unknown,1390054965,unknown,unknown,9
93,unknown,1390054904,unknown,unknown,9
93,unknown,1390054728,unknown,unknown,9
93,unknown,1390054667,unknown,unknown,9
93,unknown,1390054545,unknown,unknown,9
93,unknown,1390054451,unknown,unknown,9
93,unknown,1390054347,unknown,unknown,9
93,unknown,1390054077,unknown,unknown,9
94,unknown,1390054992,unknown,unknown,5
94,unknown,1390054989,unknown,unknown,5
94,unknown,1390054847,unknown,unknown,5
94,unknown,1390054703,unknown,unknown,5
94,unknown,1390054579,unknown,unknown,5
95,unknown,1390054997,unknown,unknown,2
95,unknown,1390054922,unknown,unknown,2
96,unknown,1390054961,unknown,unknown,2
96,unknown,1390053179,unknown,unknown,2
97,unknown,1390054962,unknown,unknown,4
97,unknown,1390054036,unknown,unknown,4
97,unknown,1390053576,unknown,unknown,4
97,unknown,1390053476,unknown,unknown,4
98,unknown,1390054957,unknown,unknown,2
98,unknown,1390054132,unknown,unknown,2
99,unknown,1390054937,unknown,unknown,2
99,unknown,1390054775,unknown,unknown,2
100,unknown,1390054940,unknown,unknown,7
100,unknown,1390054736,unknown,unknown,7
100,unknown,1390054136,unknown,unknown,7
100,unknown,1390054088,unknown,unknown,7
100,unknown,1390053427,unknown,unknown,7
100,unknown,1390053136,unknown,unknown,7
100,unknown,1390052216,unknown,unknown,7
101,unknown,1390054858,unknown,unknown,4
101,unknown,1390054743,unknown,unknown,4
101,unknown,1390054531,unknown,unknown,4
101,unknown,1390053521,unknown,unknown,4
102,unknown,1390054855,unknown,unknown,16
102,unknown,1390054523,unknown,unknown,16
102,unknown,1390054410,unknown,unknown,16
102,unknown,1390054258,unknown,unknown,16
102,unknown,1390054218,unknown,unknown,16
102,unknown,1390054174,unknown,unknown,16
102,unknown,1390054140,unknown,unknown,16
102,unknown,1390054133,unknown,unknown,16
102,unknown,1390054129,unknown,unknown,16
102,unknown,1390054018,unknown,unknown,16
102,unknown,1390053945,unknown,unknown,16
102,unknown,1390053883,unknown,unknown,16
102,unknown,1390053791,unknown,unknown,16
102,unknown,1390053506,unknown,unknown,16
102,unknown,1390053361,unknown,unknown,16
102,unknown,1390053327,unknown,unknown,16
103,unknown,1390054854,unknown,unknown,2
103,unknown,1390054034,unknown,unknown,2
104,unknown,1390054845,unknown,unknown,2
104,unknown,1390054738,unknown,unknown,2
105,unknown,1390054799,unknown,unknown,2
105,unknown,1390054575,unknown,unknown,2
106,unknown,1390054785,unknown,unknown,13
106,unknown,1390054496,unknown,unknown,13
106,unknown,1390054224,unknown,unknown,13
106,unknown,1390053449,unknown,unknown,13
106,unknown,1390053022,unknown,unknown,13
106,unknown,1390052997,unknown,unknown,13
106,unknown,1390052524,unknown,unknown,13
106,unknown,1390052517,unknown,unknown,13
106,unknown,1390052338,unknown,unknown,13
106,unknown,1390052197,unknown,unknown,13
106,unknown,1390052167,unknown,unknown,13
106,unknown,1390052105,unknown,unknown,13
106,unknown,1390052061,unknown,unknown,13
107,unknown,1390054782,unknown,unknown,4
107,unknown,1390054549,unknown,unknown,4
107,unknown,1390054285,unknown,unknown,4
107,unknown,1390054203,unknown,unknown,4
108,unknown,1390054772,unknown,unknown,2
108,unknown,1390054670,unknown,unknown,2
109,unknown,1390054751,unknown,unknown,3
109,unknown,1390054510,unknown,unknown,3
109,unknown,1390054316,unknown,unknown,3
110,unknown,1390054706,unknown,unknown,2
110,unknown,1390054294,unknown,unknown,2
111,unknown,1390054700,unknown,unknown,2
111,unknown,1390054613,unknown,unknown,2
112,unknown,1390054697,unknown,unknown,2
112,unknown,1390054658,unknown,unknown,2
113,unknown,1390054659,unknown,unknown,4
113,unknown,1390054269,unknown,unknown,4
113,unknown,1390053462,unknown,unknown,4
113,unknown,1390053231,unknown,unknown,4
114,unknown,1390054631,unknown,unknown,6
114,unknown,1390054624,unknown,unknown,6
114,unknown,1390054618,unknown,unknown,6
114,unknown,1390054114,unknown,unknown,6
114,unknown,1390054089,unknown,unknown,6
114,unknown,1390054075,unknown,unknown,6
115,unknown,1390054607,unknown,unknown,6
115,unknown,1390054570,unknown,unknown,6
115,unknown,1390054533,unknown,unknown,6
115,unknown,1390054279,unknown,unknown,6
115,unknown,1390053683,unknown,unknown,6
115,unknown,1390053249,unknown,unknown,6
116,unknown,1390054593,unknown,unknown,2
116,unknown,1390054370,unknown,unknown,2
117,unknown,1390054556,unknown,unknown,2
117,unknown,1390053193,unknown,unknown,2
118,unknown,1390054525,unknown,unknown,2
118,unknown,1390054458,unknown,unknown,2
119,unknown,1390054507,unknown,unknown,2
119,unknown,1390054425,unknown,unknown,2
120,unknown,1390054502,unknown,unknown,2
120,unknown,1390054448,unknown,unknown,2
121,unknown,1390054493,unknown,unknown,2
121,unknown,1390054321,unknown,unknown,2
122,unknown,1390054491,unknown,unknown,4
122,unknown,1390053897,unknown,unknown,4
122,unknown,1390053614,unknown,unknown,4
122,unknown,1390053567,unknown,unknown,4
123,unknown,1390054484,unknown,unknown,5
123,unknown,1390054280,unknown,unknown,5
123,unknown,1390053998,unknown,unknown,5
123,unknown,1390053948,unknown,unknown,5
123,unknown,1390053872,unknown,unknown,5
124,unknown,1390054482,unknown,unknown,9
124,unknown,1390054066,unknown,unknown,9
124,unknown,1390053559,unknown,unknown,9
124,unknown,1390053349,unknown,unknown,9
124,unknown,1390053090,unknown,unknown,9
124,unknown,1390053017,unknown,unknown,9
124,unknown,1390052807,unknown,unknown,9
124,unknown,1390052590,unknown,unknown,9
124,unknown,1390052079,unknown,unknown,9
125,unknown,1390054472,unknown,unknown,2
125,unknown,1390054297,unknown,unknown,2
126,unknown,1390054454,unknown,unknown,2
126,unknown,1390054405,unknown,unknown,2
127,unknown,1390054417,unknown,unknown,5
127,unknown,1390054204,unknown,unknown,5
127,unknown,1390053670,unknown,unknown,5
127,unknown,1390053163,unknown,unknown,5
127,unknown,1390053010,unknown,unknown,5
128,unknown,1390054404,unknown,unknown,6
128,unknown,1390053202,unknown,unknown,6
128,unknown,1390052884,unknown,unknown,6
128,unknown,1390052699,unknown,unknown,6
128,unknown,1390052421,unknown,unknown,6
128,unknown,1390052295,unknown,unknown,6
129,unknown,1390054396,unknown,unknown,3
129,unknown,1390054246,unknown,unknown,3
129,unknown,1390053969,unknown,unknown,3
130,unknown,1390054360,unknown,unknown,5
130,unknown,1390054134,unknown,unknown,5
130,unknown,1390053586,unknown,unknown,5
130,unknown,1390053356,unknown,unknown,5
130,unknown,1390053304,unknown,unknown,5
131,unknown,1390054351,unknown,unknown,2
131,unknown,1390054311,unknown,unknown,2
132,unknown,1390054354,unknown,unknown,3
132,unknown,1390054144,unknown,unknown,3
132,unknown,1390053931,unknown,unknown,3
133,unknown,1390054301,unknown,unknown,2
133,unknown,1390053459,unknown,unknown,2
134,unknown,1390054283,unknown,unknown,2
134,unknown,1390054223,unknown,unknown,2
135,unknown,1390054222,unknown,unknown,4
135,unknown,1390053958,unknown,unknown,4
135,unknown,1390053652,unknown,unknown,4
135,unknown,1390053615,unknown,unknown,4
136,unknown,1390054185,unknown,unknown,3
136,unknown,1390053161,unknown,unknown,3
136,unknown,1390052209,unknown,unknown,3
137,unknown,1390054147,unknown,unknown,4
137,unknown,1390052906,unknown,unknown,4
137,unknown,1390052571,unknown,unknown,4
137,unknown,1390052305,unknown,unknown,4
138,unknown,1390054135,unknown,unknown,3
138,unknown,1390053483,unknown,unknown,3
138,unknown,1390052501,unknown,unknown,3
139,unknown,1390054111,unknown,unknown,2
139,unknown,1390053722,unknown,unknown,2
140,unknown,1390054084,unknown,unknown,4
140,unknown,1390054008,unknown,unknown,4
140,unknown,1390053618,unknown,unknown,4
140,unknown,1390053565,unknown,unknown,4
141,unknown,1390054076,unknown,unknown,3
141,unknown,1390052944,unknown,unknown,3
141,unknown,1390052112,unknown,unknown,3
142,unknown,1390054071,unknown,unknown,2
142,unknown,1390053548,unknown,unknown,2
143,unknown,1390054052,unknown,unknown,2
143,unknown,1390053135,unknown,unknown,2
144,unknown,1390054010,unknown,unknown,3
144,unknown,1390053495,unknown,unknown,3
144,unknown,1390053423,unknown,unknown,3
145,unknown,1390053990,unknown,unknown,20
145,unknown,1390053888,unknown,unknown,20
145,unknown,1390053835,unknown,unknown,20
145,unknown,1390053822,unknown,unknown,20
145,unknown,1390053709,unknown,unknown,20
145,unknown,1390053687,unknown,unknown,20
145,unknown,1390053658,unknown,unknown,20
145,unknown,1390053623,unknown,unknown,20
145,unknown,1390053619,unknown,unknown,20
145,unknown,1390053620,unknown,unknown,20
145,unknown,1390053589,unknown,unknown,20
145,unknown,1390053581,unknown,unknown,20
145,unknown,1390053582,unknown,unknown,20
145,unknown,1390053526,unknown,unknown,20
145,unknown,1390053520,unknown,unknown,20
145,unknown,1390053524,unknown,unknown,20
145,unknown,1390053510,unknown,unknown,20
145,unknown,1390053503,unknown,unknown,20
145,unknown,1390053466,unknown,unknown,20
145,unknown,1390053416,unknown,unknown,20
146,unknown,1390053985,unknown,unknown,2
146,unknown,1390053263,unknown,unknown,2
147,unknown,1390053983,unknown,unknown,2
147,unknown,1390053816,unknown,unknown,2
148,unknown,1390053984,unknown,unknown,2
148,unknown,1390053813,unknown,unknown,2
149,unknown,1390053975,unknown,unknown,2
149,unknown,1390053810,unknown,unknown,2
150,unknown,1390053944,unknown,unknown,2
150,unknown,1390053705,unknown,unknown,2
151,unknown,1390053904,unknown,unknown,2
151,unknown,1390053396,unknown,unknown,2
152,unknown,1390053881,unknown,unknown,2
152,unknown,1390053814,unknown,unknown,2
153,unknown,1390053848,unknown,unknown,2
153,unknown,1390053454,unknown,unknown,2
154,unknown,1390053737,unknown,unknown,3
154,unknown,1390053204,unknown,unknown,3
154,unknown,1390052905,unknown,unknown,3
155,unknown,1390053730,unknown,unknown,2
155,unknown,1390053540,unknown,unknown,2
156,unknown,1390053671,unknown,unknown,2
156,unknown,1390053651,unknown,unknown,2
157,unknown,1390053677,unknown,unknown,2
157,unknown,1390053632,unknown,unknown,2
158,unknown,1390053637,unknown,unknown,2
158,unknown,1390052596,unknown,unknown,2
159,unknown,1390053635,unknown,unknown,2
159,unknown,1390053484,unknown,unknown,2
160,unknown,1390053596,unknown,unknown,3
160,unknown,1390053467,unknown,unknown,3
160,unknown,1390053412,unknown,unknown,3
161,unknown,1390053545,unknown,unknown,2
161,unknown,1390053487,unknown,unknown,2
162,unknown,1390053493,unknown,unknown,2
162,unknown,1390052968,unknown,unknown,2
163,unknown,1390053446,unknown,unknown,2
163,unknown,1390052500,unknown,unknown,2
164,unknown,1390053411,unknown,unknown,3
164,unknown,1390052696,unknown,unknown,3
164,unknown,1390052560,unknown,unknown,3
165,unknown,1390053406,unknown,unknown,3
165,unknown,1390052766,unknown,unknown,3
165,unknown,1390052669,unknown,unknown,3
166,unknown,1390053403,unknown,unknown,2
166,unknown,1390053298,unknown,unknown,2
167,unknown,1390053401,unknown,unknown,2
167,unknown,1390053344,unknown,unknown,2
168,unknown,1390053392,unknown,unknown,2
168,unknown,1390053229,unknown,unknown,2
169,unknown,1390053376,unknown,unknown,4
169,unknown,1390053332,unknown,unknown,4
169,unknown,1390052702,unknown,unknown,4
169,unknown,1390052672,unknown,unknown,4
170,unknown,1390053358,unknown,unknown,2
170,unknown,1390053109,unknown,unknown,2
171,unknown,1390053322,unknown,unknown,2
171,unknown,1390053044,unknown,unknown,2
172,unknown,1390053268,unknown,unknown,2
172,unknown,1390053128,unknown,unknown,2
173,unknown,1390053259,unknown,unknown,2
173,unknown,1390053162,unknown,unknown,2
174,unknown,1390053251,unknown,unknown,2
174,unknown,1390053215,unknown,unknown,2
175,unknown,1390053246,unknown,unknown,3
175,unknown,1390053210,unknown,unknown,3
175,unknown,1390053175,unknown,unknown,3
176,unknown,1390053132,unknown,unknown,2
176,unknown,1390052767,unknown,unknown,2
177,unknown,1390053079,unknown,unknown,2
177,unknown,1390052102,unknown,unknown,2
178,unknown,1390053057,unknown,unknown,2
178,unknown,1390052827,unknown,unknown,2
179,unknown,1390053038,unknown,unknown,2
179,unknown,1390052917,unknown,unknown,2
180,unknown,1390052929,unknown,unknown,2
180,unknown,1390052621,unknown,unknown,2
181,unknown,1390052908,unknown,unknown,2
181,unknown,1390052865,unknown,unknown,2
182,unknown,1390052795,unknown,unknown,2
182,unknown,1390052577,unknown,unknown,2
183,unknown,1390052729,unknown,unknown,4
183,unknown,1390052456,unknown,unknown,4
183,unknown,1390052394,unknown,unknown,4
183,unknown,1390052328,unknown,unknown,4
184,unknown,1390052631,unknown,unknown,3
184,unknown,1390052359,unknown,unknown,3
184,unknown,1390052312,unknown,unknown,3
185,unknown,1390052547,unknown,unknown,3
185,unknown,1390052497,unknown,unknown,3
185,unknown,1390052440,unknown,unknown,3
186,unknown,1390052539,unknown,unknown,2
186,unknown,1390052490,unknown,unknown,2
187,unknown,1390052525,unknown,unknown,3
187,unknown,1390052461,unknown,unknown,3
187,unknown,1390052399,unknown,unknown,3
188,unknown,1390052509,unknown,unknown,3
188,unknown,1390052445,unknown,unknown,3
188,unknown,1390052404,unknown,unknown,3
189,unknown,1390052366,unknown,unknown,2
189,unknown,1390052224,unknown,unknown,2
190,unknown,1390052360,unknown,unknown,3
190,unknown,1390052317,unknown,unknown,3
190,unknown,1390052264,unknown,unknown,3
191,unknown,1390052341,unknown,unknown,2
191,unknown,1390052064,unknown,unknown,2
192,unknown,1390052277,unknown,unknown,2
192,unknown,1390052228,unknown,unknown,2
193,unknown,1390052252,unknown,unknown,2
193,unknown,1390052130,unknown,unknown,2
194,unknown,1390052166,unknown,unknown,2
194,unknown,1390052147,unknown,unknown,2
